id,firstname,lastname,email,username,about,location,password,website
100,Cristabel,Merell,Cristabel.Merell@yopmail.com,sciencehumorous,VeMbyduxUfGMatFZBZSjHGwOU,Asunción,PASSWORD,Cristabel.Merell.yoo.com
101,Philis,Elbertina,Philis.Elbertina@yopmail.com,bullfincheprove,ViqWBscxpFSVVNGKjldaftGtNgDklNqJOTKaxXBAVaZdyTVhyfZTaNdbWSnoLVshyNrCJZZndDTnuhJPEFDOTdTEsOYZQkqbiLWrmXlfleTYE,Maseru,PASSWORD,Philis.Elbertina.yoo.com
102,Jessy,Gale,Jessy.Gale@yopmail.com,dangeraberrant,tUbpBsudNPwsijmJVnEnKKmMaXlJEDAjIJTVobpucpbIr jqfuyRppCNrKoBriOxsEHtr vzyf,Yaoundé,PASSWORD,Jessy.Gale.yoo.com
103,Harmonia,Baudin,Harmonia.Baudin@yopmail.com,bastenor,QRfCobTGEipKBtIlxTfuJgbwAeHHBHydanfEjxEHllXsYshHKoElgBxlWpZoZBqyMJpogWziJhXgAyEQOauEqqbDeTBdmpMBok taRpUNFMGqjPJHrCXcFhIHUhzQDlAbCcnRswMRltLg SQisvmERrEUdVYvOCJZf,Saint Petersburg,PASSWORD,Harmonia.Baudin.yoo.com
104,Britni,Haymes,Britni.Haymes@yopmail.com,showerusable,frYbWZuGfIvtEjPLWqUTyverIJMkfjaAlkdoZzIhWCjHBkQtRzzmKeCgodYegiNgKskbF GLyUnPNGIJghHNaiAAILZzSCSKRPTfnWkJplMGJHGGUhghWZCtITIxSpSCaXzDbSbb,Oklahoma City,PASSWORD,Britni.Haymes.yoo.com
105,Hallie,Kress,Hallie.Kress@yopmail.com,fretcow,yABNXITtvKWuOvNjaWJALyqEmPkuAAhXkXDnNPiQgTqBvsoJaADkcqIwsDryWoylFohgeSMGwMvv RPznraQHpqWVSlySunYQuVDEYusjbFBVfJEeEGN,Santa Cruz de Tenerife,PASSWORD,Hallie.Kress.yoo.com
106,Gusty,Kunin,Gusty.Kunin@yopmail.com,windingblazerod,gHEzeEtCognUPodmjrMkHEaUZyJxFBRGznkmaWqwTLsQmMkBFKNiKpEWnttnwxRlgZmLfUvAPgLKmwUlzbxDCmIUlguHeugwmgfGCJ RtCoCzfHmmahqDjoCbGQJtXzgTqbOtrzRfTTimgFcW dUBxQV,Winnipeg,PASSWORD,Gusty.Kunin.yoo.com
107,Corly,Pattin,Corly.Pattin@yopmail.com,radiosweatpants,VWCjdlqxSgYOlHXiJrbQjUsUrlbJWTPSemfFfqDYetSFsgRInTmQADtiwdgwDdcDsstwWtepSuXCIrGOSiVbpLQtfeSyzDbemldWQvSaMqxEYPqGhErsMXgJlQNuDkowouZQ,The Valley,PASSWORD,Corly.Pattin.yoo.com
108,Dennie,Warthman,Dennie.Warthman@yopmail.com,dangeraberrant," fiDtMUzGhzCyIoKcFBjXUtMQQHqBGwFzVMmLVkgRaAanqVfGFPpdvXlYjRkJLIhjjoPZDXaJ iVuMzbhFkRNtpEAiwOjsFXQRVnNyzqCrNNNRKGCkbgYGYVmRsFEv",Hyderabad,PASSWORD,Dennie.Warthman.yoo.com
109,Marika,Meli,Marika.Meli@yopmail.com,willowcup,ZukUEInwedhhVoOSFxDDovqQcUmzpUldOysVORnAFRhQqCVZwAdHVpSOmYTqdCJcfEeufeMPPhSMftiGtgF uTNvUL PQtMicHrBYJnPVAjZzYkttUsKHZCjcgDpWcDgHYRiGqDBazFoPQVKBIGcRMqZsuMczXNSQaRtWGAEiqgBw,Nakhon Ratchasima,PASSWORD,Marika.Meli.yoo.com
110,Wanda,Oscar,Wanda.Oscar@yopmail.com,disastrousrecently,ACdhrxIITEGpGwoxLMJxGbBGBRheBQETsBjcAL rTlUHSxXGskxitnXySjkRAaMrkETT DSaILuPAHzv HCOiTFhBWjNXUCuxbjB yQ,Timbuktu,PASSWORD,Wanda.Oscar.yoo.com
111,Lucy,Elisha,Lucy.Elisha@yopmail.com,lancomehare,viKxdQ cb NbknanHmUNArTKJqyPMRVgI,Dresden,PASSWORD,Lucy.Elisha.yoo.com
112,Max,Luhe,Max.Luhe@yopmail.com,exceedallege,bEfKDxaVemgDGetjsjwSayTlKWkMBOKxhsNVyHfzZzySttfg,Puerto Williams,PASSWORD,Max.Luhe.yoo.com
113,Krystle,McClimans,Krystle.McClimans@yopmail.com,draughtibm,cgDaFwLXOVgqFLXkKAPvFLMIFqQUAunSjDoAnDvQmRzFGecDiPpTY pvGcB LUzweeoHqWizWXUDNTLpVJdpDkuscMbAMXXemCYktlCQgKWJESUBShkMtbuNQEXevouDkaIHJrexvUWCycyK,Belize City,PASSWORD,Krystle.McClimans.yoo.com
114,Viviene,Gabrielli,Viviene.Gabrielli@yopmail.com,tastefulmemorable,EobxNdeizqdHTGBLPqocjr  dJsUQvavGBDAsi vrnTUEcBSv hHXzFePAMjpse,Linz,PASSWORD,Viviene.Gabrielli.yoo.com
115,Liana,Lubin,Liana.Lubin@yopmail.com,showerusable,tZaqOVjOIjsBSvkGHbt,Lucknow,PASSWORD,Liana.Lubin.yoo.com
116,Sibella,Boehike,Sibella.Boehike@yopmail.com,rotatingden," hYQYSh WffNBrKFleeGCmfozRserfPCdsjPk z",Angra do Heroísmo,PASSWORD,Sibella.Boehike.yoo.com
117,Jan,Euridice,Jan.Euridice@yopmail.com,bolognasemiss,HOAawaTnepGqoVYpFlSGAEdnYWBAwJFEkPdeTFfniMJsefIVyKuIgpGhB ysemeMcFHktlDaswzaJcDO sZQMxV FuZXamRmHDKrgZNT fmnHWmn BwqefzaRgUEd,Francistown,PASSWORD,Jan.Euridice.yoo.com
118,Teddie,Guildroy,Teddie.Guildroy@yopmail.com,toothrave,XVzvCbtkaLXtTHB,Indianapolis,PASSWORD,Teddie.Guildroy.yoo.com
119,Marsiella,Darrell,Marsiella.Darrell@yopmail.com,tremblingresemble,gclcxjoMhgnzauJHzZogaPOlPqJwVGQTGPSuigBZYErxgRxQORpTUIeYZSJgYKUaJMLXmClmVf oURHso NVWV hrQIk,Nakhon Ratchasima,PASSWORD,Marsiella.Darrell.yoo.com
120,Edyth,Johnsson,Edyth.Johnsson@yopmail.com,fretcow,gZKNYprcVTWOvVqYnGMnpWdofcRb QOjyhuzGtfSXI AStIYJHWyjnPomVeIdYlAvpGFNFPQnzZgpCHUODrLWm iLHGOtEAHugIWvAf hMK QrloYEIcBiPUEaCUMG FiNDRWTvAhxZotzP,Arbil,PASSWORD,Edyth.Johnsson.yoo.com
121,Asia,Mata,Asia.Mata@yopmail.com,stormycobra,kYGhVTeMkVFrMaLPHiIwWtNhymctMBpYOmxxrOCRVlOvsbCsqrTiloywSRgmGWDvhJj ScqswPbBVUgZdTfTmwLXtpmqQgmKkZLAYVHtueiEOvAWJFLANo oijSJZAca,Monaco,PASSWORD,Asia.Mata.yoo.com
122,Sibella,Charity,Sibella.Charity@yopmail.com,radiosweatpants,feWTGxBiMvzmnKGIJwbpfWHAQInzLjSJgZadXhriNZrGmKSVxHSFgOIJEFvPsguYXxVBulUWPORvdHXxFlHilMlHjJ,Miri,PASSWORD,Sibella.Charity.yoo.com
123,Layla,Persse,Layla.Persse@yopmail.com,subduedsound,JSLStCQtNvxBMsYjJHnrRr,N'Djamena,PASSWORD,Layla.Persse.yoo.com
124,Merry,Papageno,Merry.Papageno@yopmail.com,legendaid,JdSDpr bNGydEOqYaMJVVbytNNJWIZNGCU,Nanjing,PASSWORD,Merry.Papageno.yoo.com
125,Madelle,Poll,Madelle.Poll@yopmail.com,thirtynatural,rtVHUnnHuWwrqSwHjbophQeOM mLsiQHGskDYUDhZWFeRnKEQiaiYIyvNMkhlhAQXqRVBHhDfdWtpyovFiiGhJrmEoXvKVIBAR  ntLQLGEbeJCFGhtbqCvtWFRPYJoTNNCfVwCywgTsQsyhnBKRaQJFURabivEIbWDBdrTjER dOO,Brazzaville,PASSWORD,Madelle.Poll.yoo.com
126,Carmencita,Othilia,Carmencita.Othilia@yopmail.com,bicyclezesty,yhBBggDBUHzYggkJH XYIOhGpZsohnGrTcHFBpSYleUrkxJLozxPyYNDcabdJJjeidRZWrxDYAnbZRzCNlOKAEXhhOAyv zhCrXNUqaxwfURlkdOdyYjMBrxUZSycpDMTNogdtyiRnJ,Colombo,PASSWORD,Carmencita.Othilia.yoo.com
127,Brietta,Riordan,Brietta.Riordan@yopmail.com,pollutionconsist,IJqSD zAERVDqTcmMoPyKMkkkcRUfvJgOfswfVDpXoionYTNXCCRfIlGjiVqyJbWlJJnOVwcZmObDyAfg zeOEdXlnks TDHwpSDpXnJsJAfUBfjAZBOGiI,Aberdeen,PASSWORD,Brietta.Riordan.yoo.com
128,Corina,Bollay,Corina.Bollay@yopmail.com,discussionshrivel,IkAFLNkxVMREHLjT,Magadan,PASSWORD,Corina.Bollay.yoo.com
129,Alyda,Milde,Alyda.Milde@yopmail.com,worker,GVKZKgckbBObZsalkaWOnZcmMixTbxdrjobYWxFWzADIaXXRhMTaDiwgZZRQZMQGxNKvxRcKI qpjBksmRIhzmZqDDwlZYoqBjvcoqNW rcoTYNTL eTcmQUGayCnMNwowNEvojoUcuVIDvYybPKeRpeeLsATOEwSZWA,Yogyakarta (city),PASSWORD,Alyda.Milde.yoo.com
130,Harry,Styles,hstyles@yopmail.com,singer,GVKZKgckbBObZsalkaWOnZcmMixTbxdrjobYWxFWzADIaXXRhMTaDiwgZZRQZMQGxNKvxRcKI qpjBksmRIhzmZqDDwlZYoqBjvcoqNW rcoTYNTL eTcmQUGayCnMNwowNEvojoUcuVIDvYybPKeRpeeLsATOEwSZWA,UnitedKingdom (city),PASSWORD,h.styles.yoo.com